n_vars,n_clauses,time_s,nodes,sat
10,40,0.00011,6,1
12,48,0.00011,7,1
14,56,0.00012,5,1
16,64,0.00038,20,1
18,72,0.00026,9,1
20,80,0.00118,34,1
22,88,0.00058,11,1
