n,algo,time_s
10,brute,1e-05
10,mitm,5e-05
12,brute,2e-05
12,mitm,9e-05
14,brute,1e-05
14,mitm,0.00019
16,brute,3e-05
16,mitm,0.00059
18,brute,7e-05
18,mitm,0.00096
20,brute,8e-05
20,mitm,0.00223
22,brute,0.00018
22,mitm,0.00485
24,brute,0.0004
24,mitm,0.01159
26,brute,0.00041
26,mitm,0.02563
28,brute,0.00101
28,mitm,0.05408
30,brute,0.00191
30,mitm,0.10655
32,brute,0.0021
32,mitm,0.23113
34,brute,0.00473
34,mitm,0.53779
36,brute,0.0099
36,mitm,1.23393
